{
    "version": "2023-08-31",
    "name": "01-ai-Yi-1-5-34B-Chat_550_150_summary",
    "model": "01-ai/Yi-1.5-34B-Chat",
    "mean_input_tokens": 550,
    "stddev_input_tokens": 0,
    "mean_output_tokens": 150,
    "stddev_output_tokens": 0,
    "num_concurrent_requests": 1,
    "results_inter_token_latency_s_quantiles_p25": 0.044895485731262855,
    "results_inter_token_latency_s_quantiles_p50": 0.04529097462888539,
    "results_inter_token_latency_s_quantiles_p75": 0.04579195392042707,
    "results_inter_token_latency_s_quantiles_p90": 0.046410543398674384,
    "results_inter_token_latency_s_quantiles_p95": 0.04701287435754554,
    "results_inter_token_latency_s_quantiles_p99": 0.04767980362362506,
    "results_inter_token_latency_s_mean": 0.045362784766552006,
    "results_inter_token_latency_s_min": 0.04352601890305144,
    "results_inter_token_latency_s_max": 0.047922298686668606,
    "results_inter_token_latency_s_stddev": 0.0009171923085976901,
    "results_ttft_s_quantiles_p25": 0.5860279349999473,
    "results_ttft_s_quantiles_p50": 0.5892667170001005,
    "results_ttft_s_quantiles_p75": 0.5918130939999173,
    "results_ttft_s_quantiles_p90": 0.6036383780003234,
    "results_ttft_s_quantiles_p95": 0.6359745054999618,
    "results_ttft_s_quantiles_p99": 0.6419864651804892,
    "results_ttft_s_mean": 0.5928773132048055,
    "results_ttft_s_min": 0.5802961800000048,
    "results_ttft_s_max": 0.6420152070004406,
    "results_ttft_s_stddev": 0.013565724721168154,
    "results_end_to_end_latency_s_quantiles_p25": 7.183472849999816,
    "results_end_to_end_latency_s_quantiles_p50": 7.188084677999541,
    "results_end_to_end_latency_s_quantiles_p75": 7.1928349684999375,
    "results_end_to_end_latency_s_quantiles_p90": 7.203863723999893,
    "results_end_to_end_latency_s_quantiles_p95": 7.233148400400296,
    "results_end_to_end_latency_s_quantiles_p99": 7.243687371179913,
    "results_end_to_end_latency_s_mean": 7.179989100855399,
    "results_end_to_end_latency_s_min": 6.2535524499999156,
    "results_end_to_end_latency_s_max": 7.244400403000327,
    "results_end_to_end_latency_s_stddev": 0.10394402242098062,
    "results_request_output_throughput_token_per_s_quantiles_p25": 20.852605104138327,
    "results_request_output_throughput_token_per_s_quantiles_p50": 20.867749646233072,
    "results_request_output_throughput_token_per_s_quantiles_p75": 20.88080751297862,
    "results_request_output_throughput_token_per_s_quantiles_p90": 20.892629656759333,
    "results_request_output_throughput_token_per_s_quantiles_p95": 20.89667551037948,
    "results_request_output_throughput_token_per_s_quantiles_p99": 20.902346595646435,
    "results_request_output_throughput_token_per_s_mean": 20.855883300869912,
    "results_request_output_throughput_token_per_s_min": 20.628275053486078,
    "results_request_output_throughput_token_per_s_max": 20.90318934179482,
    "results_request_output_throughput_token_per_s_stddev": 0.0488639633828661,
    "results_number_input_tokens_quantiles_p25": 550.0,
    "results_number_input_tokens_quantiles_p50": 550.0,
    "results_number_input_tokens_quantiles_p75": 550.0,
    "results_number_input_tokens_quantiles_p90": 550.0,
    "results_number_input_tokens_quantiles_p95": 550.0,
    "results_number_input_tokens_quantiles_p99": 550.0,
    "results_number_input_tokens_mean": 550.0,
    "results_number_input_tokens_min": "550",
    "results_number_input_tokens_max": "550",
    "results_number_input_tokens_stddev": 0.0,
    "results_number_output_tokens_quantiles_p25": 157.0,
    "results_number_output_tokens_quantiles_p50": 159.0,
    "results_number_output_tokens_quantiles_p75": 160.0,
    "results_number_output_tokens_quantiles_p90": 162.8,
    "results_number_output_tokens_quantiles_p95": 163.89999999999998,
    "results_number_output_tokens_quantiles_p99": 165.0,
    "results_number_output_tokens_mean": 158.33734939759037,
    "results_number_output_tokens_min": "131",
    "results_number_output_tokens_max": "165",
    "results_number_output_tokens_stddev": 4.33161128256701,
    "results_num_requests_started": 83,
    "results_error_rate": 0.0,
    "results_number_errors": 0,
    "results_error_code_frequency": "{}",
    "results_mean_output_throughput_token_per_s": 21.67082775521886,
    "results_num_completed_requests": 83,
    "results_num_completed_requests_per_min": 8.211894857783436,
    "timestamp": 1718205712
}