{
    "version": "2023-08-31",
    "name": "01-ai-Yi-1-5-34B-Chat_550_150_summary",
    "model": "01-ai/Yi-1.5-34B-Chat",
    "mean_input_tokens": 550,
    "stddev_input_tokens": 0,
    "mean_output_tokens": 150,
    "stddev_output_tokens": 0,
    "num_concurrent_requests": 4,
    "results_inter_token_latency_s_quantiles_p25": 0.05836835654113417,
    "results_inter_token_latency_s_quantiles_p50": 0.05963793325923285,
    "results_inter_token_latency_s_quantiles_p75": 0.060647559917482496,
    "results_inter_token_latency_s_quantiles_p90": 0.061711203539628015,
    "results_inter_token_latency_s_quantiles_p95": 0.06193614683918202,
    "results_inter_token_latency_s_quantiles_p99": 0.06313410291112653,
    "results_inter_token_latency_s_mean": 0.05955418782851389,
    "results_inter_token_latency_s_min": 0.05651141863313973,
    "results_inter_token_latency_s_max": 0.06351978905927592,
    "results_inter_token_latency_s_stddev": 0.0015422369688723777,
    "results_ttft_s_quantiles_p25": 1.0575844344994039,
    "results_ttft_s_quantiles_p50": 2.035751768499722,
    "results_ttft_s_quantiles_p75": 2.150540910750351,
    "results_ttft_s_quantiles_p90": 2.2284323670004595,
    "results_ttft_s_quantiles_p95": 2.2354277158496187,
    "results_ttft_s_quantiles_p99": 2.246308106680317,
    "results_ttft_s_mean": 1.7137107673198806,
    "results_ttft_s_min": 0.5817398839990346,
    "results_ttft_s_max": 2.246868711999923,
    "results_ttft_s_stddev": 0.6706939569652745,
    "results_end_to_end_latency_s_quantiles_p25": 9.363810280749476,
    "results_end_to_end_latency_s_quantiles_p50": 9.485367598999801,
    "results_end_to_end_latency_s_quantiles_p75": 9.597945731999516,
    "results_end_to_end_latency_s_quantiles_p90": 9.65551701349923,
    "results_end_to_end_latency_s_quantiles_p95": 9.661221329599448,
    "results_end_to_end_latency_s_quantiles_p99": 9.680142993831051,
    "results_end_to_end_latency_s_mean": 9.475706080719974,
    "results_end_to_end_latency_s_min": 8.981673782000144,
    "results_end_to_end_latency_s_max": 9.70280793799975,
    "results_end_to_end_latency_s_stddev": 0.14084633113173364,
    "results_request_output_throughput_token_per_s_quantiles_p25": 15.732545697071938,
    "results_request_output_throughput_token_per_s_quantiles_p50": 15.919263824400435,
    "results_request_output_throughput_token_per_s_quantiles_p75": 16.125915244796303,
    "results_request_output_throughput_token_per_s_quantiles_p90": 16.229539974947198,
    "results_request_output_throughput_token_per_s_quantiles_p95": 16.28105133190631,
    "results_request_output_throughput_token_per_s_quantiles_p99": 16.59100234077756,
    "results_request_output_throughput_token_per_s_mean": 15.939005488633883,
    "results_request_output_throughput_token_per_s_min": 15.562505304122189,
    "results_request_output_throughput_token_per_s_max": 16.81201117575811,
    "results_request_output_throughput_token_per_s_stddev": 0.23909384202291645,
    "results_number_input_tokens_quantiles_p25": 550.0,
    "results_number_input_tokens_quantiles_p50": 550.0,
    "results_number_input_tokens_quantiles_p75": 550.0,
    "results_number_input_tokens_quantiles_p90": 550.0,
    "results_number_input_tokens_quantiles_p95": 550.0,
    "results_number_input_tokens_quantiles_p99": 550.0,
    "results_number_input_tokens_mean": 550.0,
    "results_number_input_tokens_min": "550",
    "results_number_input_tokens_max": "550",
    "results_number_input_tokens_stddev": 0.0,
    "results_number_output_tokens_quantiles_p25": 157.0,
    "results_number_output_tokens_quantiles_p50": 159.0,
    "results_number_output_tokens_quantiles_p75": 161.25,
    "results_number_output_tokens_quantiles_p90": 164.0,
    "results_number_output_tokens_quantiles_p95": 165.0,
    "results_number_output_tokens_quantiles_p99": 168.01,
    "results_number_output_tokens_mean": 159.18,
    "results_number_output_tokens_min": "152",
    "results_number_output_tokens_max": "169",
    "results_number_output_tokens_stddev": 3.5742626561786883,
    "results_num_requests_started": 100,
    "results_error_rate": 0.0,
    "results_number_errors": 0,
    "results_error_code_frequency": "{}",
    "results_mean_output_throughput_token_per_s": 64.53540931804359,
    "results_num_completed_requests": 100,
    "results_num_completed_requests_per_min": 24.32544640710275,
    "timestamp": 1718208921
}