{
    "version": "2023-08-31",
    "name": "01-ai-Yi-1-5-34B-Chat_550_150_summary",
    "model": "01-ai/Yi-1.5-34B-Chat",
    "mean_input_tokens": 550,
    "stddev_input_tokens": 0,
    "mean_output_tokens": 150,
    "stddev_output_tokens": 0,
    "num_concurrent_requests": 64,
    "results_inter_token_latency_s_quantiles_p25": 0.2969424125412702,
    "results_inter_token_latency_s_quantiles_p50": 0.30745351493844253,
    "results_inter_token_latency_s_quantiles_p75": 0.31924535989139463,
    "results_inter_token_latency_s_quantiles_p90": 0.32562260073068944,
    "results_inter_token_latency_s_quantiles_p95": 0.33042386755233827,
    "results_inter_token_latency_s_quantiles_p99": 0.3413403756172045,
    "results_inter_token_latency_s_mean": 0.30833836372349244,
    "results_inter_token_latency_s_min": 0.04786341221152048,
    "results_inter_token_latency_s_max": 0.60507138681174,
    "results_inter_token_latency_s_stddev": 0.037472401936725075,
    "results_ttft_s_quantiles_p25": 9.219478185749722,
    "results_ttft_s_quantiles_p50": 17.220491680999658,
    "results_ttft_s_quantiles_p75": 25.32748620450093,
    "results_ttft_s_quantiles_p90": 29.218495960800283,
    "results_ttft_s_quantiles_p95": 29.665552642800957,
    "results_ttft_s_quantiles_p99": 30.57152236029999,
    "results_ttft_s_mean": 16.630715770742114,
    "results_ttft_s_min": 0.588565160998769,
    "results_ttft_s_max": 30.768073249000736,
    "results_ttft_s_stddev": 8.97254874585545,
    "results_end_to_end_latency_s_quantiles_p25": 48.09660426400069,
    "results_end_to_end_latency_s_quantiles_p50": 48.924262237999756,
    "results_end_to_end_latency_s_quantiles_p75": 50.441283655750794,
    "results_end_to_end_latency_s_quantiles_p90": 51.879391424099595,
    "results_end_to_end_latency_s_quantiles_p95": 52.38205498959978,
    "results_end_to_end_latency_s_quantiles_p99": 52.91490417055951,
    "results_end_to_end_latency_s_mean": 48.92121551664843,
    "results_end_to_end_latency_s_min": 7.466937597000651,
    "results_end_to_end_latency_s_max": 53.0469622699984,
    "results_end_to_end_latency_s_stddev": 4.119586037076952,
    "results_request_output_throughput_token_per_s_quantiles_p25": 2.9907615904626956,
    "results_request_output_throughput_token_per_s_quantiles_p50": 3.08544989041975,
    "results_request_output_throughput_token_per_s_quantiles_p75": 3.1354960779360517,
    "results_request_output_throughput_token_per_s_quantiles_p90": 3.184168753838161,
    "results_request_output_throughput_token_per_s_quantiles_p95": 3.251683697677572,
    "results_request_output_throughput_token_per_s_quantiles_p99": 3.2928420351888885,
    "results_request_output_throughput_token_per_s_mean": 3.187798465074813,
    "results_request_output_throughput_token_per_s_min": 1.4810414172209851,
    "results_request_output_throughput_token_per_s_max": 20.222480506687813,
    "results_request_output_throughput_token_per_s_stddev": 1.5275954750845664,
    "results_number_input_tokens_quantiles_p25": 550.0,
    "results_number_input_tokens_quantiles_p50": 550.0,
    "results_number_input_tokens_quantiles_p75": 550.0,
    "results_number_input_tokens_quantiles_p90": 550.0,
    "results_number_input_tokens_quantiles_p95": 550.0,
    "results_number_input_tokens_quantiles_p99": 550.0,
    "results_number_input_tokens_mean": 550.0,
    "results_number_input_tokens_min": "550",
    "results_number_input_tokens_max": "550",
    "results_number_input_tokens_stddev": 0.0,
    "results_number_output_tokens_quantiles_p25": 157.0,
    "results_number_output_tokens_quantiles_p50": 160.0,
    "results_number_output_tokens_quantiles_p75": 163.0,
    "results_number_output_tokens_quantiles_p90": 164.3,
    "results_number_output_tokens_quantiles_p95": 165.0,
    "results_number_output_tokens_quantiles_p99": 168.46,
    "results_number_output_tokens_mean": 159.40625,
    "results_number_output_tokens_min": "69",
    "results_number_output_tokens_max": "172",
    "results_number_output_tokens_stddev": 8.798208031578314,
    "results_num_requests_started": 128,
    "results_error_rate": 0.0,
    "results_number_errors": 0,
    "results_error_code_frequency": "{}",
    "results_mean_output_throughput_token_per_s": 135.38240586364088,
    "results_num_completed_requests": 128,
    "results_num_completed_requests_per_min": 50.95750230507558,
    "timestamp": 1718209612
}