{
    "version": "2023-08-31",
    "name": "01-ai-Yi-1-5-34B-Chat_550_150_summary",
    "model": "01-ai/Yi-1.5-34B-Chat",
    "mean_input_tokens": 550,
    "stddev_input_tokens": 0,
    "mean_output_tokens": 150,
    "stddev_output_tokens": 0,
    "num_concurrent_requests": 32,
    "results_inter_token_latency_s_quantiles_p25": 0.17941263338234,
    "results_inter_token_latency_s_quantiles_p50": 0.18393538549267724,
    "results_inter_token_latency_s_quantiles_p75": 0.18872039812495933,
    "results_inter_token_latency_s_quantiles_p90": 0.19195876142307364,
    "results_inter_token_latency_s_quantiles_p95": 0.19489754481931246,
    "results_inter_token_latency_s_quantiles_p99": 0.1980018689895024,
    "results_inter_token_latency_s_mean": 0.18377501972261423,
    "results_inter_token_latency_s_min": 0.16589056779520686,
    "results_inter_token_latency_s_max": 0.20373834054304182,
    "results_inter_token_latency_s_stddev": 0.007179570859092934,
    "results_ttft_s_quantiles_p25": 6.282402562498646,
    "results_ttft_s_quantiles_p50": 9.879810319000171,
    "results_ttft_s_quantiles_p75": 13.74874519900004,
    "results_ttft_s_quantiles_p90": 14.569449138199706,
    "results_ttft_s_quantiles_p95": 14.925118903098701,
    "results_ttft_s_quantiles_p99": 16.52085601546007,
    "results_ttft_s_mean": 9.410386498195265,
    "results_ttft_s_min": 0.5851558670001396,
    "results_ttft_s_max": 16.55262673800098,
    "results_ttft_s_stddev": 4.450480262001289,
    "results_end_to_end_latency_s_quantiles_p25": 28.63387198024975,
    "results_end_to_end_latency_s_quantiles_p50": 29.558225099500305,
    "results_end_to_end_latency_s_quantiles_p75": 30.0322902300004,
    "results_end_to_end_latency_s_quantiles_p90": 30.664444783600082,
    "results_end_to_end_latency_s_quantiles_p95": 30.872304307299963,
    "results_end_to_end_latency_s_quantiles_p99": 31.06777735556043,
    "results_end_to_end_latency_s_mean": 29.391554288968734,
    "results_end_to_end_latency_s_min": 27.314540618999672,
    "results_end_to_end_latency_s_max": 31.103511895998963,
    "results_end_to_end_latency_s_stddev": 0.9700369443574689,
    "results_request_output_throughput_token_per_s_quantiles_p25": 5.027926334849062,
    "results_request_output_throughput_token_per_s_quantiles_p50": 5.108561161797954,
    "results_request_output_throughput_token_per_s_quantiles_p75": 5.273474722315811,
    "results_request_output_throughput_token_per_s_quantiles_p90": 5.40230975430698,
    "results_request_output_throughput_token_per_s_quantiles_p95": 5.4585904110907855,
    "results_request_output_throughput_token_per_s_quantiles_p99": 5.498198026465124,
    "results_request_output_throughput_token_per_s_mean": 5.143153329575094,
    "results_request_output_throughput_token_per_s_min": 4.854757253936461,
    "results_request_output_throughput_token_per_s_max": 5.5281910871664515,
    "results_request_output_throughput_token_per_s_stddev": 0.1718206332309483,
    "results_number_input_tokens_quantiles_p25": 550.0,
    "results_number_input_tokens_quantiles_p50": 550.0,
    "results_number_input_tokens_quantiles_p75": 550.0,
    "results_number_input_tokens_quantiles_p90": 550.0,
    "results_number_input_tokens_quantiles_p95": 550.0,
    "results_number_input_tokens_quantiles_p99": 550.0,
    "results_number_input_tokens_mean": 550.0,
    "results_number_input_tokens_min": "550",
    "results_number_input_tokens_max": "550",
    "results_number_input_tokens_stddev": 0.0,
    "results_number_output_tokens_quantiles_p25": 157.0,
    "results_number_output_tokens_quantiles_p50": 160.0,
    "results_number_output_tokens_quantiles_p75": 162.0,
    "results_number_output_tokens_quantiles_p90": 164.0,
    "results_number_output_tokens_quantiles_p95": 165.0,
    "results_number_output_tokens_quantiles_p99": 166.73000000000002,
    "results_number_output_tokens_mean": 160.0,
    "results_number_output_tokens_min": "151",
    "results_number_output_tokens_max": "168",
    "results_number_output_tokens_stddev": 3.322554751804725,
    "results_num_requests_started": 128,
    "results_error_rate": 0.0,
    "results_number_errors": 0,
    "results_error_code_frequency": "{}",
    "results_mean_output_throughput_token_per_s": 140.19221918748778,
    "results_num_completed_requests": 128,
    "results_num_completed_requests_per_min": 52.57208219530792,
    "timestamp": 1718209442
}