{
    "version": "2023-08-31",
    "name": "01-ai-Yi-1-5-34B-Chat_550_150_summary",
    "model": "01-ai/Yi-1.5-34B-Chat",
    "mean_input_tokens": 550,
    "stddev_input_tokens": 0,
    "mean_output_tokens": 150,
    "stddev_output_tokens": 0,
    "num_concurrent_requests": 2,
    "results_inter_token_latency_s_quantiles_p25": 0.04981290159688996,
    "results_inter_token_latency_s_quantiles_p50": 0.05047298943664333,
    "results_inter_token_latency_s_quantiles_p75": 0.051184840881309285,
    "results_inter_token_latency_s_quantiles_p90": 0.05189258376562417,
    "results_inter_token_latency_s_quantiles_p95": 0.05276172237063807,
    "results_inter_token_latency_s_quantiles_p99": 0.05386450339074516,
    "results_inter_token_latency_s_mean": 0.0508974474171928,
    "results_inter_token_latency_s_min": 0.04757931528023225,
    "results_inter_token_latency_s_max": 0.09177299680955218,
    "results_inter_token_latency_s_stddev": 0.004271111418964108,
    "results_ttft_s_quantiles_p25": 0.5879470347499591,
    "results_ttft_s_quantiles_p50": 0.6443396354998185,
    "results_ttft_s_quantiles_p75": 1.0679737397492772,
    "results_ttft_s_quantiles_p90": 1.0796937620004428,
    "results_ttft_s_quantiles_p95": 1.0896510657003091,
    "results_ttft_s_quantiles_p99": 1.1327916422497584,
    "results_ttft_s_mean": 0.8269834441700096,
    "results_ttft_s_min": 0.5774544440000682,
    "results_ttft_s_max": 1.137063219999618,
    "results_ttft_s_stddev": 0.24078355563908607,
    "results_end_to_end_latency_s_quantiles_p25": 7.970360540749425,
    "results_end_to_end_latency_s_quantiles_p50": 8.026975896500062,
    "results_end_to_end_latency_s_quantiles_p75": 8.074850951999451,
    "results_end_to_end_latency_s_quantiles_p90": 8.089723854899603,
    "results_end_to_end_latency_s_quantiles_p95": 8.093256521400416,
    "results_end_to_end_latency_s_quantiles_p99": 8.129380900400555,
    "results_end_to_end_latency_s_mean": 7.944187725759966,
    "results_end_to_end_latency_s_min": 1.9737729560001753,
    "results_end_to_end_latency_s_max": 8.129387275999761,
    "results_end_to_end_latency_s_stddev": 0.6170747384805549,
    "results_request_output_throughput_token_per_s_quantiles_p25": 18.57505281361564,
    "results_request_output_throughput_token_per_s_quantiles_p50": 18.6632313122328,
    "results_request_output_throughput_token_per_s_quantiles_p75": 18.816694929061082,
    "results_request_output_throughput_token_per_s_quantiles_p90": 18.8429118148506,
    "results_request_output_throughput_token_per_s_quantiles_p95": 18.850257292145642,
    "results_request_output_throughput_token_per_s_quantiles_p99": 19.21257771794443,
    "results_request_output_throughput_token_per_s_mean": 18.622558438760585,
    "results_request_output_throughput_token_per_s_min": 10.639521600577718,
    "results_request_output_throughput_token_per_s_max": 20.079960249069224,
    "results_request_output_throughput_token_per_s_stddev": 0.8309475169291582,
    "results_number_input_tokens_quantiles_p25": 550.0,
    "results_number_input_tokens_quantiles_p50": 550.0,
    "results_number_input_tokens_quantiles_p75": 550.0,
    "results_number_input_tokens_quantiles_p90": 550.0,
    "results_number_input_tokens_quantiles_p95": 550.0,
    "results_number_input_tokens_quantiles_p99": 550.0,
    "results_number_input_tokens_mean": 550.0,
    "results_number_input_tokens_min": "550",
    "results_number_input_tokens_max": "550",
    "results_number_input_tokens_stddev": 0.0,
    "results_number_output_tokens_quantiles_p25": 157.0,
    "results_number_output_tokens_quantiles_p50": 159.0,
    "results_number_output_tokens_quantiles_p75": 161.0,
    "results_number_output_tokens_quantiles_p90": 163.0,
    "results_number_output_tokens_quantiles_p95": 164.0,
    "results_number_output_tokens_quantiles_p99": 165.01,
    "results_number_output_tokens_mean": 157.22,
    "results_number_output_tokens_min": "21",
    "results_number_output_tokens_max": "166",
    "results_number_output_tokens_stddev": 14.33973077808223,
    "results_num_requests_started": 100,
    "results_error_rate": 0.0,
    "results_number_errors": 0,
    "results_error_code_frequency": "{}",
    "results_mean_output_throughput_token_per_s": 38.19783647998263,
    "results_num_completed_requests": 100,
    "results_num_completed_requests_per_min": 14.57747226052002,
    "timestamp": 1718206143
}