{
    "version": "2023-08-31",
    "name": "01-ai-Yi-1-5-34B-Chat_550_150_summary",
    "model": "01-ai/Yi-1.5-34B-Chat",
    "mean_input_tokens": 550,
    "stddev_input_tokens": 0,
    "mean_output_tokens": 150,
    "stddev_output_tokens": 0,
    "num_concurrent_requests": 32,
    "results_inter_token_latency_s_quantiles_p25": 0.1391319530464362,
    "results_inter_token_latency_s_quantiles_p50": 0.14189353758391657,
    "results_inter_token_latency_s_quantiles_p75": 0.1460550590310391,
    "results_inter_token_latency_s_quantiles_p90": 0.14908257978166353,
    "results_inter_token_latency_s_quantiles_p95": 0.1518159752905764,
    "results_inter_token_latency_s_quantiles_p99": 0.16132573128132063,
    "results_inter_token_latency_s_mean": 0.1430334284903326,
    "results_inter_token_latency_s_min": 0.1339855799876575,
    "results_inter_token_latency_s_max": 0.18785608138146065,
    "results_inter_token_latency_s_stddev": 0.006860024683307713,
    "results_ttft_s_quantiles_p25": 9.439059190499847,
    "results_ttft_s_quantiles_p50": 10.071607194499848,
    "results_ttft_s_quantiles_p75": 10.712515758000109,
    "results_ttft_s_quantiles_p90": 11.161949203300264,
    "results_ttft_s_quantiles_p95": 11.336454061500126,
    "results_ttft_s_quantiles_p99": 11.48064805318013,
    "results_ttft_s_mean": 8.44362164483337,
    "results_ttft_s_min": 0.587464098000055,
    "results_ttft_s_max": 11.524508866999895,
    "results_ttft_s_stddev": 3.619744316177655,
    "results_end_to_end_latency_s_quantiles_p25": 22.0739670640005,
    "results_end_to_end_latency_s_quantiles_p50": 22.634470168000007,
    "results_end_to_end_latency_s_quantiles_p75": 23.185255637499495,
    "results_end_to_end_latency_s_quantiles_p90": 23.564248021500134,
    "results_end_to_end_latency_s_quantiles_p95": 23.739305882699455,
    "results_end_to_end_latency_s_quantiles_p99": 23.878006183919823,
    "results_end_to_end_latency_s_mean": 22.60646658780952,
    "results_end_to_end_latency_s_min": 18.30211873799999,
    "results_end_to_end_latency_s_max": 23.902429992999714,
    "results_end_to_end_latency_s_stddev": 0.8065539327033907,
    "results_request_output_throughput_token_per_s_quantiles_p25": 6.458691586255861,
    "results_request_output_throughput_token_per_s_quantiles_p50": 6.621992168964429,
    "results_request_output_throughput_token_per_s_quantiles_p75": 6.767838652716483,
    "results_request_output_throughput_token_per_s_quantiles_p90": 6.844155507032084,
    "results_request_output_throughput_token_per_s_quantiles_p95": 6.893210560071129,
    "results_request_output_throughput_token_per_s_quantiles_p99": 6.935344590138063,
    "results_request_output_throughput_token_per_s_mean": 6.593738543687555,
    "results_request_output_throughput_token_per_s_min": 4.80818648702617,
    "results_request_output_throughput_token_per_s_max": 6.943072036645817,
    "results_request_output_throughput_token_per_s_stddev": 0.2710909389728309,
    "results_number_input_tokens_quantiles_p25": 550.0,
    "results_number_input_tokens_quantiles_p50": 550.0,
    "results_number_input_tokens_quantiles_p75": 550.0,
    "results_number_input_tokens_quantiles_p90": 550.0,
    "results_number_input_tokens_quantiles_p95": 550.0,
    "results_number_input_tokens_quantiles_p99": 550.0,
    "results_number_input_tokens_mean": 550.0,
    "results_number_input_tokens_min": "550",
    "results_number_input_tokens_max": "550",
    "results_number_input_tokens_stddev": 0.0,
    "results_number_output_tokens_quantiles_p25": 156.0,
    "results_number_output_tokens_quantiles_p50": 160.0,
    "results_number_output_tokens_quantiles_p75": 162.0,
    "results_number_output_tokens_quantiles_p90": 163.0,
    "results_number_output_tokens_quantiles_p95": 164.0,
    "results_number_output_tokens_quantiles_p99": 166.85000000000002,
    "results_number_output_tokens_mean": 158.3452380952381,
    "results_number_output_tokens_min": "97",
    "results_number_output_tokens_max": "171",
    "results_number_output_tokens_stddev": 8.01278202912335,
    "results_num_requests_started": 128,
    "results_error_rate": 0.34375,
    "results_number_errors": 44,
    "results_error_code_frequency": "{-1.0: 44}",
    "results_mean_output_throughput_token_per_s": 112.72457186619263,
    "results_num_completed_requests": 84,
    "results_num_completed_requests_per_min": 42.71346832611164,
    "timestamp": 1718206892
}