{
    "version": "2023-08-31",
    "name": "01-ai-Yi-1-5-34B-Chat_550_150_summary",
    "model": "01-ai/Yi-1.5-34B-Chat",
    "mean_input_tokens": 550,
    "stddev_input_tokens": 0,
    "mean_output_tokens": 150,
    "stddev_output_tokens": 0,
    "num_concurrent_requests": 64,
    "results_inter_token_latency_s_quantiles_p25": 0.13559744836916549,
    "results_inter_token_latency_s_quantiles_p50": 0.14145381929530784,
    "results_inter_token_latency_s_quantiles_p75": 0.14478203158558753,
    "results_inter_token_latency_s_quantiles_p90": 0.14827814140963133,
    "results_inter_token_latency_s_quantiles_p95": 0.14887038415042841,
    "results_inter_token_latency_s_quantiles_p99": 0.15202186968510925,
    "results_inter_token_latency_s_mean": 0.1405355425622709,
    "results_inter_token_latency_s_min": 0.13012541461872615,
    "results_inter_token_latency_s_max": 0.15299945056132505,
    "results_inter_token_latency_s_stddev": 0.0061116513696183525,
    "results_ttft_s_quantiles_p25": 3.2482904552500713,
    "results_ttft_s_quantiles_p50": 9.436927823000133,
    "results_ttft_s_quantiles_p75": 10.294223657249859,
    "results_ttft_s_quantiles_p90": 10.946797500600677,
    "results_ttft_s_quantiles_p95": 11.146214323150343,
    "results_ttft_s_quantiles_p99": 11.319558451140137,
    "results_ttft_s_mean": 7.531542606476272,
    "results_ttft_s_min": 0.5813920509999662,
    "results_ttft_s_max": 11.366292114999851,
    "results_ttft_s_stddev": 3.745885076726451,
    "results_end_to_end_latency_s_quantiles_p25": 21.713619519250187,
    "results_end_to_end_latency_s_quantiles_p50": 22.394467055500172,
    "results_end_to_end_latency_s_quantiles_p75": 23.01923970800044,
    "results_end_to_end_latency_s_quantiles_p90": 23.496286286499707,
    "results_end_to_end_latency_s_quantiles_p95": 23.606448006000527,
    "results_end_to_end_latency_s_quantiles_p99": 23.77788143431024,
    "results_end_to_end_latency_s_mean": 22.341823998809602,
    "results_end_to_end_latency_s_min": 20.82029323200004,
    "results_end_to_end_latency_s_max": 23.821505848000015,
    "results_end_to_end_latency_s_stddev": 0.8602269181013169,
    "results_request_output_throughput_token_per_s_quantiles_p25": 6.516311579101814,
    "results_request_output_throughput_token_per_s_quantiles_p50": 6.698087590201483,
    "results_request_output_throughput_token_per_s_quantiles_p75": 6.908107654299118,
    "results_request_output_throughput_token_per_s_quantiles_p90": 7.098091097332987,
    "results_request_output_throughput_token_per_s_quantiles_p95": 7.155502747864208,
    "results_request_output_throughput_token_per_s_quantiles_p99": 7.202141484153618,
    "results_request_output_throughput_token_per_s_mean": 6.723649687145935,
    "results_request_output_throughput_token_per_s_min": 6.296831147330409,
    "results_request_output_throughput_token_per_s_max": 7.204509481617454,
    "results_request_output_throughput_token_per_s_stddev": 0.2604966544351911,
    "results_number_input_tokens_quantiles_p25": 550.0,
    "results_number_input_tokens_quantiles_p50": 550.0,
    "results_number_input_tokens_quantiles_p75": 550.0,
    "results_number_input_tokens_quantiles_p90": 550.0,
    "results_number_input_tokens_quantiles_p95": 550.0,
    "results_number_input_tokens_quantiles_p99": 550.0,
    "results_number_input_tokens_mean": 550.0,
    "results_number_input_tokens_min": "550",
    "results_number_input_tokens_max": "550",
    "results_number_input_tokens_stddev": 0.0,
    "results_number_output_tokens_quantiles_p25": 157.0,
    "results_number_output_tokens_quantiles_p50": 159.0,
    "results_number_output_tokens_quantiles_p75": 162.0,
    "results_number_output_tokens_quantiles_p90": 164.0,
    "results_number_output_tokens_quantiles_p95": 164.0,
    "results_number_output_tokens_quantiles_p99": 165.59,
    "results_number_output_tokens_mean": 159.04761904761904,
    "results_number_output_tokens_min": "151",
    "results_number_output_tokens_max": "166",
    "results_number_output_tokens_stddev": 3.6755778105734014,
    "results_num_requests_started": 128,
    "results_error_rate": 0.671875,
    "results_number_errors": 86,
    "results_error_code_frequency": "{-1.0: 86}",
    "results_mean_output_throughput_token_per_s": 71.91492735226427,
    "results_num_completed_requests": 42,
    "results_num_completed_requests_per_min": 27.129583372411076,
    "timestamp": 1718207004
}