{
    "version": "2023-08-31",
    "name": "01-ai-Yi-1-5-34B-Chat_550_150_summary",
    "model": "01-ai/Yi-1.5-34B-Chat",
    "mean_input_tokens": 550,
    "stddev_input_tokens": 0,
    "mean_output_tokens": 150,
    "stddev_output_tokens": 0,
    "num_concurrent_requests": 8,
    "results_inter_token_latency_s_quantiles_p25": 0.07657239702395104,
    "results_inter_token_latency_s_quantiles_p50": 0.07806983328522192,
    "results_inter_token_latency_s_quantiles_p75": 0.07920261970734134,
    "results_inter_token_latency_s_quantiles_p90": 0.08048290927927977,
    "results_inter_token_latency_s_quantiles_p95": 0.08129656306738024,
    "results_inter_token_latency_s_quantiles_p99": 0.08300724588026018,
    "results_inter_token_latency_s_mean": 0.07794287519221489,
    "results_inter_token_latency_s_min": 0.07331145139639886,
    "results_inter_token_latency_s_max": 0.08309716781049145,
    "results_inter_token_latency_s_stddev": 0.002087756318470657,
    "results_ttft_s_quantiles_p25": 2.8948998052505885,
    "results_ttft_s_quantiles_p50": 3.1766039474996433,
    "results_ttft_s_quantiles_p75": 3.83876859575048,
    "results_ttft_s_quantiles_p90": 3.9833098204006094,
    "results_ttft_s_quantiles_p95": 4.254826318100367,
    "results_ttft_s_quantiles_p99": 4.332220672601234,
    "results_ttft_s_mean": 3.0223527698655674,
    "results_ttft_s_min": 0.5815162910002982,
    "results_ttft_s_max": 4.416717618001712,
    "results_ttft_s_stddev": 1.0503665795084827,
    "results_end_to_end_latency_s_quantiles_p25": 12.235640377999516,
    "results_end_to_end_latency_s_quantiles_p50": 12.423329736000596,
    "results_end_to_end_latency_s_quantiles_p75": 12.636705780250395,
    "results_end_to_end_latency_s_quantiles_p90": 12.77226875209999,
    "results_end_to_end_latency_s_quantiles_p95": 12.796140465350982,
    "results_end_to_end_latency_s_quantiles_p99": 12.886684354570388,
    "results_end_to_end_latency_s_mean": 12.427825965779062,
    "results_end_to_end_latency_s_min": 11.969845517000067,
    "results_end_to_end_latency_s_max": 12.893543471000157,
    "results_end_to_end_latency_s_stddev": 0.2453431809637068,
    "results_request_output_throughput_token_per_s_quantiles_p25": 11.949331579137802,
    "results_request_output_throughput_token_per_s_quantiles_p50": 12.154551419986344,
    "results_request_output_throughput_token_per_s_quantiles_p75": 12.34099733333681,
    "results_request_output_throughput_token_per_s_quantiles_p90": 12.5054205883345,
    "results_request_output_throughput_token_per_s_quantiles_p95": 12.524066100837192,
    "results_request_output_throughput_token_per_s_quantiles_p99": 12.568772407377113,
    "results_request_output_throughput_token_per_s_mean": 12.154846079455641,
    "results_request_output_throughput_token_per_s_min": 11.711287927917217,
    "results_request_output_throughput_token_per_s_max": 12.6150333173092,
    "results_request_output_throughput_token_per_s_stddev": 0.24002533569777737,
    "results_number_input_tokens_quantiles_p25": 550.0,
    "results_number_input_tokens_quantiles_p50": 550.0,
    "results_number_input_tokens_quantiles_p75": 550.0,
    "results_number_input_tokens_quantiles_p90": 550.0,
    "results_number_input_tokens_quantiles_p95": 550.0,
    "results_number_input_tokens_quantiles_p99": 550.0,
    "results_number_input_tokens_mean": 550.0,
    "results_number_input_tokens_min": "550",
    "results_number_input_tokens_max": "550",
    "results_number_input_tokens_stddev": 0.0,
    "results_number_output_tokens_quantiles_p25": 158.0,
    "results_number_output_tokens_quantiles_p50": 160.0,
    "results_number_output_tokens_quantiles_p75": 162.0,
    "results_number_output_tokens_quantiles_p90": 163.0,
    "results_number_output_tokens_quantiles_p95": 164.0,
    "results_number_output_tokens_quantiles_p99": 166.0,
    "results_number_output_tokens_mean": 159.5,
    "results_number_output_tokens_min": "152",
    "results_number_output_tokens_max": "168",
    "results_number_output_tokens_stddev": 3.1958711227159506,
    "results_num_requests_started": 104,
    "results_error_rate": 0.0,
    "results_number_errors": 0,
    "results_error_code_frequency": "{}",
    "results_mean_output_throughput_token_per_s": 95.81719381923115,
    "results_num_completed_requests": 104,
    "results_num_completed_requests_per_min": 36.044085449240555,
    "timestamp": 1718209114
}