{
    "version": "2023-08-31",
    "name": "01-ai-Yi-1-5-34B-Chat_550_150_summary",
    "model": "01-ai/Yi-1.5-34B-Chat",
    "mean_input_tokens": 550,
    "stddev_input_tokens": 0,
    "mean_output_tokens": 150,
    "stddev_output_tokens": 0,
    "num_concurrent_requests": 1,
    "results_inter_token_latency_s_quantiles_p25": 0.04604454955902014,
    "results_inter_token_latency_s_quantiles_p50": 0.04670670377673851,
    "results_inter_token_latency_s_quantiles_p75": 0.04763683723238133,
    "results_inter_token_latency_s_quantiles_p90": 0.04829342184678046,
    "results_inter_token_latency_s_quantiles_p95": 0.04862765116823143,
    "results_inter_token_latency_s_quantiles_p99": 0.04878544062066375,
    "results_inter_token_latency_s_mean": 0.046801568884606674,
    "results_inter_token_latency_s_min": 0.044430156401160305,
    "results_inter_token_latency_s_max": 0.048942490111866584,
    "results_inter_token_latency_s_stddev": 0.0011053031465647549,
    "results_ttft_s_quantiles_p25": 0.5829482437500246,
    "results_ttft_s_quantiles_p50": 0.586917666500085,
    "results_ttft_s_quantiles_p75": 0.5884995797496231,
    "results_ttft_s_quantiles_p90": 0.5914814771998863,
    "results_ttft_s_quantiles_p95": 0.5920850745994357,
    "results_ttft_s_quantiles_p99": 0.6112446294902291,
    "results_ttft_s_mean": 0.5869289812874854,
    "results_ttft_s_min": 0.5756712330003211,
    "results_ttft_s_max": 0.6327967529996386,
    "results_ttft_s_stddev": 0.006632683782084771,
    "results_end_to_end_latency_s_quantiles_p25": 7.419923586249524,
    "results_end_to_end_latency_s_quantiles_p50": 7.4364238745001785,
    "results_end_to_end_latency_s_quantiles_p75": 7.4564068697502535,
    "results_end_to_end_latency_s_quantiles_p90": 7.465497272400353,
    "results_end_to_end_latency_s_quantiles_p95": 7.490673935599853,
    "results_end_to_end_latency_s_quantiles_p99": 7.52239977344012,
    "results_end_to_end_latency_s_mean": 7.439467228012518,
    "results_end_to_end_latency_s_min": 7.398668017000091,
    "results_end_to_end_latency_s_max": 7.535624977000225,
    "results_end_to_end_latency_s_stddev": 0.026269789196923198,
    "results_request_output_throughput_token_per_s_quantiles_p25": 20.251041127440573,
    "results_request_output_throughput_token_per_s_quantiles_p50": 20.305458996005164,
    "results_request_output_throughput_token_per_s_quantiles_p75": 20.350613901547643,
    "results_request_output_throughput_token_per_s_quantiles_p90": 20.376860197590805,
    "results_request_output_throughput_token_per_s_quantiles_p95": 20.389396045804336,
    "results_request_output_throughput_token_per_s_quantiles_p99": 20.404421084208025,
    "results_request_output_throughput_token_per_s_mean": 20.297401444735172,
    "results_request_output_throughput_token_per_s_min": 20.038152171966225,
    "results_request_output_throughput_token_per_s_max": 20.409078992738124,
    "results_request_output_throughput_token_per_s_stddev": 0.07142599532546101,
    "results_number_input_tokens_quantiles_p25": 550.0,
    "results_number_input_tokens_quantiles_p50": 550.0,
    "results_number_input_tokens_quantiles_p75": 550.0,
    "results_number_input_tokens_quantiles_p90": 550.0,
    "results_number_input_tokens_quantiles_p95": 550.0,
    "results_number_input_tokens_quantiles_p99": 550.0,
    "results_number_input_tokens_mean": 550.0,
    "results_number_input_tokens_min": "550",
    "results_number_input_tokens_max": "550",
    "results_number_input_tokens_stddev": 0.0,
    "results_number_output_tokens_quantiles_p25": 156.0,
    "results_number_output_tokens_quantiles_p50": 159.0,
    "results_number_output_tokens_quantiles_p75": 162.0,
    "results_number_output_tokens_quantiles_p90": 164.0,
    "results_number_output_tokens_quantiles_p95": 165.05,
    "results_number_output_tokens_quantiles_p99": 166.20999999999998,
    "results_number_output_tokens_mean": 159.0375,
    "results_number_output_tokens_min": "152",
    "results_number_output_tokens_max": "167",
    "results_number_output_tokens_stddev": 3.671455924779016,
    "results_num_requests_started": 80,
    "results_error_rate": 0.0,
    "results_number_errors": 0,
    "results_error_code_frequency": "{}",
    "results_mean_output_throughput_token_per_s": 20.982177074314603,
    "results_num_completed_requests": 80,
    "results_num_completed_requests_per_min": 7.915935703584854,
    "timestamp": 1718208212
}