{
    "version": "2023-08-31",
    "name": "01-ai-Yi-1-5-34B-Chat_550_150_summary",
    "model": "01-ai/Yi-1.5-34B-Chat",
    "mean_input_tokens": 550,
    "stddev_input_tokens": 0,
    "mean_output_tokens": 150,
    "stddev_output_tokens": 0,
    "num_concurrent_requests": 4,
    "results_inter_token_latency_s_quantiles_p25": 0.05776911575837913,
    "results_inter_token_latency_s_quantiles_p50": 0.058695386015622304,
    "results_inter_token_latency_s_quantiles_p75": 0.059911287477422276,
    "results_inter_token_latency_s_quantiles_p90": 0.060912036662935286,
    "results_inter_token_latency_s_quantiles_p95": 0.061403582825773226,
    "results_inter_token_latency_s_quantiles_p99": 0.06335315433604652,
    "results_inter_token_latency_s_mean": 0.05885630310777595,
    "results_inter_token_latency_s_min": 0.053285515766108064,
    "results_inter_token_latency_s_max": 0.06977087910234497,
    "results_inter_token_latency_s_stddev": 0.0020006321731086134,
    "results_ttft_s_quantiles_p25": 1.5175473412498377,
    "results_ttft_s_quantiles_p50": 2.026021761499578,
    "results_ttft_s_quantiles_p75": 2.1676567652496033,
    "results_ttft_s_quantiles_p90": 2.2178021802998957,
    "results_ttft_s_quantiles_p95": 2.224423575400215,
    "results_ttft_s_quantiles_p99": 2.2640918301300643,
    "results_ttft_s_mean": 1.7164627722299883,
    "results_ttft_s_min": 0.5819393110004967,
    "results_ttft_s_max": 2.264332115999423,
    "results_ttft_s_stddev": 0.6576397397336418,
    "results_end_to_end_latency_s_quantiles_p25": 9.208674983000037,
    "results_end_to_end_latency_s_quantiles_p50": 9.351767158500024,
    "results_end_to_end_latency_s_quantiles_p75": 9.45513059149971,
    "results_end_to_end_latency_s_quantiles_p90": 9.511918361700646,
    "results_end_to_end_latency_s_quantiles_p95": 9.515792595450103,
    "results_end_to_end_latency_s_quantiles_p99": 9.522788643329614,
    "results_end_to_end_latency_s_mean": 9.300104119000016,
    "results_end_to_end_latency_s_min": 6.188806914000452,
    "results_end_to_end_latency_s_max": 9.556417689000227,
    "results_end_to_end_latency_s_stddev": 0.3468125556885386,
    "results_request_output_throughput_token_per_s_quantiles_p25": 15.811499289843525,
    "results_request_output_throughput_token_per_s_quantiles_p50": 16.015117757491083,
    "results_request_output_throughput_token_per_s_quantiles_p75": 16.238827688643383,
    "results_request_output_throughput_token_per_s_quantiles_p90": 16.372920067882177,
    "results_request_output_throughput_token_per_s_quantiles_p95": 16.41324026560619,
    "results_request_output_throughput_token_per_s_quantiles_p99": 16.515693894199778,
    "results_request_output_throughput_token_per_s_mean": 16.041614503501986,
    "results_request_output_throughput_token_per_s_min": 14.219218861219359,
    "results_request_output_throughput_token_per_s_max": 16.669468776585582,
    "results_request_output_throughput_token_per_s_stddev": 0.30252411389576794,
    "results_number_input_tokens_quantiles_p25": 550.0,
    "results_number_input_tokens_quantiles_p50": 550.0,
    "results_number_input_tokens_quantiles_p75": 550.0,
    "results_number_input_tokens_quantiles_p90": 550.0,
    "results_number_input_tokens_quantiles_p95": 550.0,
    "results_number_input_tokens_quantiles_p99": 550.0,
    "results_number_input_tokens_mean": 550.0,
    "results_number_input_tokens_min": "550",
    "results_number_input_tokens_max": "550",
    "results_number_input_tokens_stddev": 0.0,
    "results_number_output_tokens_quantiles_p25": 157.0,
    "results_number_output_tokens_quantiles_p50": 159.0,
    "results_number_output_tokens_quantiles_p75": 161.0,
    "results_number_output_tokens_quantiles_p90": 163.0,
    "results_number_output_tokens_quantiles_p95": 164.0,
    "results_number_output_tokens_quantiles_p99": 169.02,
    "results_number_output_tokens_mean": 158.22,
    "results_number_output_tokens_min": "88",
    "results_number_output_tokens_max": "171",
    "results_number_output_tokens_stddev": 8.200246362399145,
    "results_num_requests_started": 100,
    "results_error_rate": 0.0,
    "results_number_errors": 0,
    "results_error_code_frequency": "{}",
    "results_mean_output_throughput_token_per_s": 65.03792192326891,
    "results_num_completed_requests": 100,
    "results_num_completed_requests_per_min": 24.663603308027646,
    "timestamp": 1718206405
}