{
    "version": "2023-08-31",
    "name": "01-ai-Yi-1-5-34B-Chat_550_150_summary",
    "model": "01-ai/Yi-1.5-34B-Chat",
    "mean_input_tokens": 550,
    "stddev_input_tokens": 0,
    "mean_output_tokens": 150,
    "stddev_output_tokens": 0,
    "num_concurrent_requests": 16,
    "results_inter_token_latency_s_quantiles_p25": 0.10813399716427563,
    "results_inter_token_latency_s_quantiles_p50": 0.11129316081666768,
    "results_inter_token_latency_s_quantiles_p75": 0.11383001986670706,
    "results_inter_token_latency_s_quantiles_p90": 0.11661693532583449,
    "results_inter_token_latency_s_quantiles_p95": 0.11723993523632585,
    "results_inter_token_latency_s_quantiles_p99": 0.12091098990400065,
    "results_inter_token_latency_s_mean": 0.1111168072355221,
    "results_inter_token_latency_s_min": 0.1030637795793099,
    "results_inter_token_latency_s_max": 0.12435010639999466,
    "results_inter_token_latency_s_stddev": 0.004198136183385193,
    "results_ttft_s_quantiles_p25": 2.8471672177497567,
    "results_ttft_s_quantiles_p50": 7.700104450000254,
    "results_ttft_s_quantiles_p75": 8.107615061500383,
    "results_ttft_s_quantiles_p90": 8.380486346800444,
    "results_ttft_s_quantiles_p95": 8.504484299800287,
    "results_ttft_s_quantiles_p99": 8.589655189989926,
    "results_ttft_s_mean": 6.056374991535766,
    "results_ttft_s_min": 0.5841597150001689,
    "results_ttft_s_max": 8.636832213000162,
    "results_ttft_s_stddev": 2.781611024805391,
    "results_end_to_end_latency_s_quantiles_p25": 17.212447289750344,
    "results_end_to_end_latency_s_quantiles_p50": 17.63698271300018,
    "results_end_to_end_latency_s_quantiles_p75": 18.037528144750013,
    "results_end_to_end_latency_s_quantiles_p90": 18.39969181770066,
    "results_end_to_end_latency_s_quantiles_p95": 18.502925688550157,
    "results_end_to_end_latency_s_quantiles_p99": 18.536139904240063,
    "results_end_to_end_latency_s_mean": 17.63281706541962,
    "results_end_to_end_latency_s_min": 15.441014682000059,
    "results_end_to_end_latency_s_max": 18.613689069999964,
    "results_end_to_end_latency_s_stddev": 0.559787183114953,
    "results_request_output_throughput_token_per_s_quantiles_p25": 8.297673381313452,
    "results_request_output_throughput_token_per_s_quantiles_p50": 8.492894098096965,
    "results_request_output_throughput_token_per_s_quantiles_p75": 8.698153944788167,
    "results_request_output_throughput_token_per_s_quantiles_p90": 8.805736352775957,
    "results_request_output_throughput_token_per_s_quantiles_p95": 8.860771653750774,
    "results_request_output_throughput_token_per_s_quantiles_p99": 8.933493770454714,
    "results_request_output_throughput_token_per_s_mean": 8.485462695519606,
    "results_request_output_throughput_token_per_s_min": 7.641984832613058,
    "results_request_output_throughput_token_per_s_max": 8.968884452225275,
    "results_request_output_throughput_token_per_s_stddev": 0.25889620592621015,
    "results_number_input_tokens_quantiles_p25": 550.0,
    "results_number_input_tokens_quantiles_p50": 550.0,
    "results_number_input_tokens_quantiles_p75": 550.0,
    "results_number_input_tokens_quantiles_p90": 550.0,
    "results_number_input_tokens_quantiles_p95": 550.0,
    "results_number_input_tokens_quantiles_p99": 550.0,
    "results_number_input_tokens_mean": 550.0,
    "results_number_input_tokens_min": "550",
    "results_number_input_tokens_max": "550",
    "results_number_input_tokens_stddev": 0.0,
    "results_number_output_tokens_quantiles_p25": 157.0,
    "results_number_output_tokens_quantiles_p50": 159.0,
    "results_number_output_tokens_quantiles_p75": 161.0,
    "results_number_output_tokens_quantiles_p90": 163.0,
    "results_number_output_tokens_quantiles_p95": 164.0,
    "results_number_output_tokens_quantiles_p99": 166.89,
    "results_number_output_tokens_mean": 158.78571428571428,
    "results_number_output_tokens_min": "129",
    "results_number_output_tokens_max": "169",
    "results_number_output_tokens_stddev": 4.9290983248470805,
    "results_num_requests_started": 112,
    "results_error_rate": 0.0,
    "results_number_errors": 0,
    "results_error_code_frequency": "{}",
    "results_mean_output_throughput_token_per_s": 126.21644247588873,
    "results_num_completed_requests": 112,
    "results_num_completed_requests_per_min": 47.693122662953904,
    "timestamp": 1718206755
}