{
    "version": "2023-08-31",
    "name": "01-ai-Yi-1-5-34B-Chat_550_150_summary",
    "model": "01-ai/Yi-1.5-34B-Chat",
    "mean_input_tokens": 550,
    "stddev_input_tokens": 0,
    "mean_output_tokens": 150,
    "stddev_output_tokens": 0,
    "num_concurrent_requests": 16,
    "results_inter_token_latency_s_quantiles_p25": 0.11030300888499525,
    "results_inter_token_latency_s_quantiles_p50": 0.11326328822561353,
    "results_inter_token_latency_s_quantiles_p75": 0.11640027259278234,
    "results_inter_token_latency_s_quantiles_p90": 0.1190070143953308,
    "results_inter_token_latency_s_quantiles_p95": 0.12010312021074213,
    "results_inter_token_latency_s_quantiles_p99": 0.12255087648159838,
    "results_inter_token_latency_s_mean": 0.11350145435953386,
    "results_inter_token_latency_s_min": 0.10337719622155331,
    "results_inter_token_latency_s_max": 0.12593679464246194,
    "results_inter_token_latency_s_stddev": 0.00413427391369037,
    "results_ttft_s_quantiles_p25": 3.190790556500815,
    "results_ttft_s_quantiles_p50": 6.561932362000334,
    "results_ttft_s_quantiles_p75": 7.219509921999816,
    "results_ttft_s_quantiles_p90": 7.562460782599009,
    "results_ttft_s_quantiles_p95": 7.814290068099763,
    "results_ttft_s_quantiles_p99": 7.9380509024299135,
    "results_ttft_s_mean": 5.367653323758857,
    "results_ttft_s_min": 0.5849698549991444,
    "results_ttft_s_max": 7.953810717999659,
    "results_ttft_s_stddev": 2.2589576153527693,
    "results_end_to_end_latency_s_quantiles_p25": 17.638344799251172,
    "results_end_to_end_latency_s_quantiles_p50": 18.014698060000228,
    "results_end_to_end_latency_s_quantiles_p75": 18.49949039549938,
    "results_end_to_end_latency_s_quantiles_p90": 18.809112313600416,
    "results_end_to_end_latency_s_quantiles_p95": 18.90048101350012,
    "results_end_to_end_latency_s_quantiles_p99": 18.989224514590898,
    "results_end_to_end_latency_s_mean": 18.06960619555345,
    "results_end_to_end_latency_s_min": 17.075867402998483,
    "results_end_to_end_latency_s_max": 19.01670113399996,
    "results_end_to_end_latency_s_stddev": 0.5132737239526131,
    "results_request_output_throughput_token_per_s_quantiles_p25": 8.16238944052835,
    "results_request_output_throughput_token_per_s_quantiles_p50": 8.382047222156121,
    "results_request_output_throughput_token_per_s_quantiles_p75": 8.560894932024599,
    "results_request_output_throughput_token_per_s_quantiles_p90": 8.664852363690368,
    "results_request_output_throughput_token_per_s_quantiles_p95": 8.716126272636831,
    "results_request_output_throughput_token_per_s_quantiles_p99": 8.785495949112821,
    "results_request_output_throughput_token_per_s_mean": 8.363242277576312,
    "results_request_output_throughput_token_per_s_min": 7.940388763329046,
    "results_request_output_throughput_token_per_s_max": 8.842888998627663,
    "results_request_output_throughput_token_per_s_stddev": 0.23695528559813203,
    "results_number_input_tokens_quantiles_p25": 550.0,
    "results_number_input_tokens_quantiles_p50": 550.0,
    "results_number_input_tokens_quantiles_p75": 550.0,
    "results_number_input_tokens_quantiles_p90": 550.0,
    "results_number_input_tokens_quantiles_p95": 550.0,
    "results_number_input_tokens_quantiles_p99": 550.0,
    "results_number_input_tokens_mean": 550.0,
    "results_number_input_tokens_min": "550",
    "results_number_input_tokens_max": "550",
    "results_number_input_tokens_stddev": 0.0,
    "results_number_output_tokens_quantiles_p25": 156.75,
    "results_number_output_tokens_quantiles_p50": 159.0,
    "results_number_output_tokens_quantiles_p75": 162.0,
    "results_number_output_tokens_quantiles_p90": 164.0,
    "results_number_output_tokens_quantiles_p95": 165.0,
    "results_number_output_tokens_quantiles_p99": 166.89,
    "results_number_output_tokens_mean": 159.27678571428572,
    "results_number_output_tokens_min": "150",
    "results_number_output_tokens_max": "167",
    "results_number_output_tokens_stddev": 3.4957111983824953,
    "results_num_requests_started": 112,
    "results_error_rate": 0.0,
    "results_number_errors": 0,
    "results_error_code_frequency": "{}",
    "results_mean_output_throughput_token_per_s": 124.29275563556878,
    "results_num_completed_requests": 112,
    "results_num_completed_requests_per_min": 46.821420363866935,
    "timestamp": 1718209276
}