{
    "version": "2023-08-31",
    "name": "01-ai-Yi-1-5-34B-Chat_550_150_summary",
    "model": "01-ai/Yi-1.5-34B-Chat",
    "mean_input_tokens": 550,
    "stddev_input_tokens": 0,
    "mean_output_tokens": 150,
    "stddev_output_tokens": 0,
    "num_concurrent_requests": 2,
    "results_inter_token_latency_s_quantiles_p25": 0.0504675588021398,
    "results_inter_token_latency_s_quantiles_p50": 0.05132632468122154,
    "results_inter_token_latency_s_quantiles_p75": 0.052004817064281526,
    "results_inter_token_latency_s_quantiles_p90": 0.05272720663946088,
    "results_inter_token_latency_s_quantiles_p95": 0.05299685007053086,
    "results_inter_token_latency_s_quantiles_p99": 0.05372706529991118,
    "results_inter_token_latency_s_mean": 0.05122191632598677,
    "results_inter_token_latency_s_min": 0.047369290805094715,
    "results_inter_token_latency_s_max": 0.05438612181878486,
    "results_inter_token_latency_s_stddev": 0.0012734437610207622,
    "results_ttft_s_quantiles_p25": 0.5875999479999336,
    "results_ttft_s_quantiles_p50": 0.5932397525002671,
    "results_ttft_s_quantiles_p75": 1.0605307812497813,
    "results_ttft_s_quantiles_p90": 1.0699853204003376,
    "results_ttft_s_quantiles_p95": 1.0912284775492935,
    "results_ttft_s_quantiles_p99": 1.115545715890039,
    "results_ttft_s_mean": 0.8136072918500031,
    "results_ttft_s_min": 0.5773630950006918,
    "results_ttft_s_max": 1.11934502800068,
    "results_ttft_s_stddev": 0.23721944735760614,
    "results_end_to_end_latency_s_quantiles_p25": 8.106415239750504,
    "results_end_to_end_latency_s_quantiles_p50": 8.163446195999768,
    "results_end_to_end_latency_s_quantiles_p75": 8.216121988499253,
    "results_end_to_end_latency_s_quantiles_p90": 8.246511801999986,
    "results_end_to_end_latency_s_quantiles_p95": 8.255182759649689,
    "results_end_to_end_latency_s_quantiles_p99": 8.272471164440002,
    "results_end_to_end_latency_s_mean": 8.152552897720016,
    "results_end_to_end_latency_s_min": 7.531978521000383,
    "results_end_to_end_latency_s_max": 8.282876801000384,
    "results_end_to_end_latency_s_stddev": 0.109478611062119,
    "results_request_output_throughput_token_per_s_quantiles_p25": 18.378500276843553,
    "results_request_output_throughput_token_per_s_quantiles_p50": 18.483502378173807,
    "results_request_output_throughput_token_per_s_quantiles_p75": 18.62048349387721,
    "results_request_output_throughput_token_per_s_quantiles_p90": 18.672777721588627,
    "results_request_output_throughput_token_per_s_quantiles_p95": 18.740678393133553,
    "results_request_output_throughput_token_per_s_quantiles_p99": 19.969165450764866,
    "results_request_output_throughput_token_per_s_mean": 18.521542080274155,
    "results_request_output_throughput_token_per_s_min": 18.230381017107803,
    "results_request_output_throughput_token_per_s_max": 20.04785324055126,
    "results_request_output_throughput_token_per_s_stddev": 0.25999226820193966,
    "results_number_input_tokens_quantiles_p25": 550.0,
    "results_number_input_tokens_quantiles_p50": 550.0,
    "results_number_input_tokens_quantiles_p75": 550.0,
    "results_number_input_tokens_quantiles_p90": 550.0,
    "results_number_input_tokens_quantiles_p95": 550.0,
    "results_number_input_tokens_quantiles_p99": 550.0,
    "results_number_input_tokens_mean": 550.0,
    "results_number_input_tokens_min": "550",
    "results_number_input_tokens_max": "550",
    "results_number_input_tokens_stddev": 0.0,
    "results_number_output_tokens_quantiles_p25": 156.75,
    "results_number_output_tokens_quantiles_p50": 159.0,
    "results_number_output_tokens_quantiles_p75": 162.0,
    "results_number_output_tokens_quantiles_p90": 164.0,
    "results_number_output_tokens_quantiles_p95": 165.0,
    "results_number_output_tokens_quantiles_p99": 166.01,
    "results_number_output_tokens_mean": 159.22,
    "results_number_output_tokens_min": "149",
    "results_number_output_tokens_max": "167",
    "results_number_output_tokens_stddev": 3.503475907487225,
    "results_num_requests_started": 100,
    "results_error_rate": 0.0,
    "results_number_errors": 0,
    "results_error_code_frequency": "{}",
    "results_mean_output_throughput_token_per_s": 37.51150600207296,
    "results_num_completed_requests": 100,
    "results_num_completed_requests_per_min": 14.13572641706053,
    "timestamp": 1718208656
}