{
    "version": "2023-08-31",
    "name": "01-ai-Yi-1-5-34B-Chat_550_150_summary",
    "model": "01-ai/Yi-1.5-34B-Chat",
    "mean_input_tokens": 550,
    "stddev_input_tokens": 0,
    "mean_output_tokens": 150,
    "stddev_output_tokens": 0,
    "num_concurrent_requests": 8,
    "results_inter_token_latency_s_quantiles_p25": 0.07361459836707523,
    "results_inter_token_latency_s_quantiles_p50": 0.07576445488334617,
    "results_inter_token_latency_s_quantiles_p75": 0.0780876173992717,
    "results_inter_token_latency_s_quantiles_p90": 0.07981294077382631,
    "results_inter_token_latency_s_quantiles_p95": 0.08049464227586313,
    "results_inter_token_latency_s_quantiles_p99": 0.09449081248320429,
    "results_inter_token_latency_s_mean": 0.07698495761357861,
    "results_inter_token_latency_s_min": 0.06868346208534049,
    "results_inter_token_latency_s_max": 0.16623768413158982,
    "results_inter_token_latency_s_stddev": 0.009578760759440424,
    "results_ttft_s_quantiles_p25": 2.4195771499998955,
    "results_ttft_s_quantiles_p50": 2.842750992999754,
    "results_ttft_s_quantiles_p75": 3.8516287092497805,
    "results_ttft_s_quantiles_p90": 4.0252585643001115,
    "results_ttft_s_quantiles_p95": 4.26930308755027,
    "results_ttft_s_quantiles_p99": 4.426549831840229,
    "results_ttft_s_mean": 2.9150951233846345,
    "results_ttft_s_min": 0.584443392999674,
    "results_ttft_s_max": 4.551225029000307,
    "results_ttft_s_stddev": 1.1043842372796846,
    "results_end_to_end_latency_s_quantiles_p25": 11.809071910999592,
    "results_end_to_end_latency_s_quantiles_p50": 12.034961337500135,
    "results_end_to_end_latency_s_quantiles_p75": 12.299042001500084,
    "results_end_to_end_latency_s_quantiles_p90": 12.482394992600438,
    "results_end_to_end_latency_s_quantiles_p95": 12.496202726049887,
    "results_end_to_end_latency_s_quantiles_p99": 12.503680598260498,
    "results_end_to_end_latency_s_mean": 11.941957940932683,
    "results_end_to_end_latency_s_min": 6.370256893999795,
    "results_end_to_end_latency_s_max": 12.510303247000593,
    "results_end_to_end_latency_s_stddev": 0.793922218426776,
    "results_request_output_throughput_token_per_s_quantiles_p25": 12.151016138902307,
    "results_request_output_throughput_token_per_s_quantiles_p50": 12.370819152432396,
    "results_request_output_throughput_token_per_s_quantiles_p75": 12.6543303317669,
    "results_request_output_throughput_token_per_s_quantiles_p90": 12.833698725510322,
    "results_request_output_throughput_token_per_s_quantiles_p95": 12.906849934852001,
    "results_request_output_throughput_token_per_s_quantiles_p99": 12.98332839847849,
    "results_request_output_throughput_token_per_s_mean": 12.314455004866655,
    "results_request_output_throughput_token_per_s_min": 5.651263457508086,
    "results_request_output_throughput_token_per_s_max": 13.316395636821412,
    "results_request_output_throughput_token_per_s_stddev": 0.8065536661208635,
    "results_number_input_tokens_quantiles_p25": 550.0,
    "results_number_input_tokens_quantiles_p50": 550.0,
    "results_number_input_tokens_quantiles_p75": 550.0,
    "results_number_input_tokens_quantiles_p90": 550.0,
    "results_number_input_tokens_quantiles_p95": 550.0,
    "results_number_input_tokens_quantiles_p99": 550.0,
    "results_number_input_tokens_mean": 550.0,
    "results_number_input_tokens_min": "550",
    "results_number_input_tokens_max": "550",
    "results_number_input_tokens_stddev": 0.0,
    "results_number_output_tokens_quantiles_p25": 156.0,
    "results_number_output_tokens_quantiles_p50": 159.0,
    "results_number_output_tokens_quantiles_p75": 162.0,
    "results_number_output_tokens_quantiles_p90": 164.0,
    "results_number_output_tokens_quantiles_p95": 165.85,
    "results_number_output_tokens_quantiles_p99": 168.94,
    "results_number_output_tokens_mean": 156.83653846153845,
    "results_number_output_tokens_min": "38",
    "results_number_output_tokens_max": "170",
    "results_number_output_tokens_stddev": 15.660915779323059,
    "results_num_requests_started": 104,
    "results_error_rate": 0.0,
    "results_number_errors": 0,
    "results_error_code_frequency": "{}",
    "results_mean_output_throughput_token_per_s": 96.03924737558681,
    "results_num_completed_requests": 104,
    "results_num_completed_requests_per_min": 36.74115036623516,
    "timestamp": 1718206595
}